channel_id,channel_type,videos_analyzed,avg_views,avg_like_rate,avg_comment_rate,avg_views_per_day,name,subscriber_count,avg_like_rate_pct,avg_comment_rate_pct
UC_aajtak,mainstream_news,25,750596.48,0.02233378127047618,0.0021147416201856184,55933.263268490286,AajTak,45200000,2.23,0.211
UC_beerbiceps,independent_creator,25,487645.76,0.05101056712403747,0.005602149907376047,35135.95360496771,RanveerAllahbadia,8100000,5.1,0.56
UC_deshbhakt,independent_creator,25,505209.2,0.05294150154859209,0.005458630504892877,85941.25917360195,TheDeshbhakt,6400000,5.29,0.546
UC_dhruv,independent_creator,25,452907.52,0.04905242803919986,0.0049561135355388605,49537.75103606519,DhruvRathee,26800000,4.91,0.496
UC_ndtv,mainstream_news,25,751118.8,0.023305342269041046,0.001955966982639883,33717.71381316877,NDTV,12100000,2.33,0.196
UC_republic,mainstream_news,25,900857.6,0.022543590974297437,0.0018828387225228909,47534.89731953877,RepublicWorld,9600000,2.25,0.188
